{
    "positon": [
        0.2595675938377052,
        3.7681543317303037,
        0
    ],
    "orientation": [
        0,
        0,
        0.7145554642823722,
        0.6995787936066985
    ]
}