{
    "positon": [
        0.8838962882217289,
        3.5763390143882234,
        0
    ],
    "orientation": [
        0,
        0,
        0.9999970239401929,
        0.002439694808189172
    ]
}