{
    "positon": [
        -0.6918278273359248,
        0.8775293049157286,
        0
    ],
    "orientation": [
        0,
        0,
        -0.7047582964509009,
        0.7094474917734391
    ]
}