{
    "positon": [
        -2.54387350092635,
        1.1037820752110827,
        0
    ],
    "orientation": [
        0,
        0,
        -0.6953117627626211,
        0.7187082527451153
    ]
}