{
    "positon": [
        1.0929241052382932,
        3.791088405623648,
        0
    ],
    "orientation": [
        0,
        0,
        -0.7192430166543018,
        0.6947585762475199
    ]
}