{
    "positon": [
        -0.32670715250203386,
        0.63269068516683,
        0
    ],
    "orientation": [
        0,
        0,
        0.0025482095292480586,
        0.999996753308827
    ]
}