{
    "positon": [
        -1.078056253886696,
        -1.9054587933443419,
        0
    ],
    "orientation": [
        0,
        0,
        0.9999999719508956,
        0.0002368506026549007
    ]
}