{
    "positon": [
        1.7958394444552872,
        -0.9014843673979552,
        0
    ],
    "orientation": [
        0,
        0,
        -0.006284321213686057,
        0.9999802534584786
    ]
}