{
    "positon": [
        -0.027487695313282667,
        1.1197728030342753,
        0
    ],
    "orientation": [
        0,
        0,
        -0.011043509037748814,
        0.9999390185947007
    ]
}