{
    "positon": [
        0.10665676863668705,
        0.6613263261120863,
        0
    ],
    "orientation": [
        0,
        0,
        0.0036628000083936347,
        0.9999932919255501
    ]
}