{
    "positon": [
        -2.0770380486026725,
        0.8677014849981941,
        0
    ],
    "orientation": [
        0,
        0,
        0.7011561744473382,
        0.7130077271912094
    ]
}