{
    "positon": [
        0.24343686059795142,
        0.8419539432976425,
        0
    ],
    "orientation": [
        0,
        0,
        0.6969096297353322,
        0.7171589558683362
    ]
}