{
    "positon": [
        2.028583860638098,
        1.6959931536597537,
        0
    ],
    "orientation": [
        0,
        0,
        -0.6896954101460725,
        0.7240996072526491
    ]
}