{
    "positon": [
        1.8788556942025987,
        -1.760098546795086,
        0
    ],
    "orientation": [
        0,
        0,
        0.9999800819240157,
        -0.006311557275228019
    ]
}