{
    "positon": [
        1.5828705265817689,
        1.5049528108349848,
        0
    ],
    "orientation": [
        0,
        0,
        0.717420624608664,
        0.6966402567940746
    ]
}