{
    "positon": [
        -0.3979788252598274,
        1.0768449936058266,
        0
    ],
    "orientation": [
        0,
        0,
        0.9999891541733248,
        0.004594059926531907
    ]
}