{
    "positon": [
        2.144988906918301,
        -1.2962966499627868,
        0
    ],
    "orientation": [
        0,
        0,
        -0.7112824117349542,
        0.7029063456510457
    ]
}