{
    "positon": [
        -2.0770517827643955,
        3.4528743819760424,
        0
    ],
    "orientation": [
        0,
        0,
        0.002047026869135633,
        0.9999979048383038
    ]
}