{
    "positon": [
        1.6694693842122532,
        -1.3471024323943028,
        0
    ],
    "orientation": [
        0,
        0,
        0.7029629810346406,
        0.7112264388328737
    ]
}