{
    "positon": [
        0.367216485347141,
        4.000993115396833,
        0
    ],
    "orientation": [
        0,
        0,
        0.00954616794924434,
        0.9999544324379974
    ]
}