{
    "positon": [
        1.5409832296594324,
        -3.8442324102349827,
        0
    ],
    "orientation": [
        0,
        0,
        0.9999374797265995,
        -0.011181978269348542
    ]
}