{
    "positon": [
        1.538399523706882,
        -3.404964319870794,
        0
    ],
    "orientation": [
        0,
        0,
        0.008021415990756994,
        0.9999678279252304
    ]
}