{
    "positon": [
        -1.93603924259446,
        3.0172307626833628,
        0
    ],
    "orientation": [
        0,
        0,
        0.9999961099497945,
        0.0027892804230983934
    ]
}