{
    "positon": [
        -1.2428698085871068,
        -1.4248496111372744,
        0
    ],
    "orientation": [
        0,
        0,
        -0.005745806239486404,
        0.9999834927190839
    ]
}