{
    "positon": [
        -0.3976743532689646,
        3.634996046826289,
        0
    ],
    "orientation": [
        0,
        0,
        0.013439344814202305,
        0.999909354129222
    ]
}