{
    "positon": [
        0.3159938016341345,
        2.6754017439463635,
        0
    ],
    "orientation": [
        0,
        0,
        0.7269947098855397,
        0.6866429186054975
    ]
}