{
    "positon": [
        -1.3329480101907647,
        0.7854136189303717,
        0
    ],
    "orientation": [
        0,
        0,
        -0.0009451762251193792,
        0.9999988310642841
    ]
}
