{
    "positon": [
        0.28410318038286464,
        -4.131867860999333,
        0
    ],
    "orientation": [
        0,
        0,
        0.9997712601796913,
        0.021387289158276656
    ]
}