{
    "positon": [
        -3.3398224624735406,
        1.3872820657849256,
        0
    ],
    "orientation": [
        0,
        0,
        0.052626270573720955,
        0.998613524963719
    ]
}
