{
    "positon": [
        1.9333022895055555,
        3.8952786207050854,
        0
    ],
    "orientation": [
        0,
        0,
        0.9998516357022267,
        -0.017225166884725533
    ]
}
