{
    "positon": [
        -0.5677988972117752,
        -0.01273409327443975,
        0
    ],
    "orientation": [
        0,
        0,
        0.7391139846233783,
        0.6735799906821088
    ]
}