{
    "positon": [
        -1.3839160421562284,
        -2.439503907586052,
        0
    ],
    "orientation": [
        0,
        0,
        0.7139498073746805,
        0.7001677260667827
    ]
}
