{
    "positon": [
        1.7191200374783295,
        -0.34098391239635323,
        0
    ],
    "orientation": [
        0,
        0,
        -0.7206555784075295,
        0.693292215263319
    ]
}