{
    "positon": [
        0.040325897868182636,
        1.85499978779838,
        0
    ],
    "orientation": [
        0,
        0,
        -0.693962258951566,
        0.7200113752149333
    ]
}