{
    "positon": [
        0.10346579379276455,
        -0.18624923353436867,
        0
    ],
    "orientation": [
        0,
        0,
        0.7205057253909868,
        0.6934476645590956
    ]
}