{
    "positon": [
        -1.3123421338468016,
        0.6057673565765451,
        0
    ],
    "orientation": [
        0,
        0,
        0.9998296173882449,
        0.0183974155893272
    ]
}
