{
    "positon": [
        0.7324066074225307,
        0.8004396674167025,
        0
    ],
    "orientation": [
        0,
        0,
        0.9999956394289654,
        0.002829798245441773
    ]
}
