{
    "positon": [
        2.567359756802097,
        1.8634832281407525,
        0
    ],
    "orientation": [
        0,
        0,
        0.9995018327536312,
        -0.03150664498391707
    ]
}
