{
    "positon": [
        1.750112986123141,
        -2.448854612120317,
        0
    ],
    "orientation": [
        0,
        0,
        0.7270234783154932,
        0.6866098307694586
    ]
}
