{
    "positon": [
        0.7647400182299455,
        1.336809190778777,
        0
    ],
    "orientation": [
        0,
        0,
        0.02055112883401363,
        0.9997876070796379
    ]
}