{
    "positon": [
        -0.6536187986885352,
        1.5700826275990107,
        0
    ],
    "orientation": [
        0,
        0,
        -0.7074346960666704,
        0.7067776234635148
    ]
}