{
    "positon": [
        2.7254865513543477,
        -1.3689087672123022,
        0
    ],
    "orientation": [
        0,
        0,
        0.9999925037893757,
        0.0038092992158579183
    ]
}
