{
    "positon": [
        -1.8970127529950997,
        3.903657379251259,
        0
    ],
    "orientation": [
        0,
        0,
        -0.6971191953913448,
        0.7169465785823743
    ]
}