{
    "positon": [
        0.9770981295674048,
        -0.895574939044268,
        0
    ],
    "orientation": [
        0,
        0,
        0.03763391755498226,
        0.9992914581743111
    ]
}