{
    "positon": [
        0.6195193236365135,
        4.645459052481707,
        0
    ],
    "orientation": [
        0,
        0,
        -0.7088674063197312,
        0.7053412350694206
    ]
}
