{
    "positon": [
        -3.0738591055431526,
        4.0613363320963485,
        0
    ],
    "orientation": [
        0,
        0,
        0.005689636246193802,
        0.9999821284021048
    ]
}