{
    "positon": [
        1.258252960998813,
        -4.546406695423348,
        0
    ],
    "orientation": [
        0,
        0,
        0.9999884097082301,
        -0.0029572877492987843
    ]
}