{
    "positon": [
        1.2767635258198413,
        -2.8101096665193532,
        0
    ],
    "orientation": [
        0,
        0,
        -0.7153884321343791,
        0.6987185549393492
    ]
}