{
    "positon": [
        -1.8857844004931592,
        2.3468504416840537,
        0
    ],
    "orientation": [
        0,
        0,
        0.7163835935274737,
        0.6977058403395484
    ]
}