{
    "positon": [
        -1.4526351350236424,
        -0.8964333537795575,
        0
    ],
    "orientation": [
        0,
        0,
        -0.7079323003079232,
        0.7062795084108491
    ]
}